{
  "project_info": {
    "project_number": "754811848411",
    "firebase_url": "https://shop-at-home-1efa0.firebaseio.com",
    "project_id": "shop-at-home-1efa0",
    "storage_bucket": "shop-at-home-1efa0.appspot.com"
  },
  "client": [
    {
      "client_info": {
        "mobilesdk_app_id": "1:754811848411:android:17089a1977d42e28f32efe",
        "android_client_info": {
          "package_name": "com.nur.shopathome"
        }
      },
      "oauth_client": [
        {
          "client_id": "754811848411-jq0boegd9u1okjbu4mf3dh8e735av91n.apps.googleusercontent.com",
          "client_type": 3
        }
      ],
      "api_key": [
        {
          "current_key": "AIzaSyDVvC6qBvuatHsBBbHoW_ARz5G9Hwm2lk0"
        }
      ],
      "services": {
        "appinvite_service": {
          "other_platform_oauth_client": [
            {
              "client_id": "754811848411-jq0boegd9u1okjbu4mf3dh8e735av91n.apps.googleusercontent.com",
              "client_type": 3
            }
          ]
        }
      }
    }
  ],
  "configuration_version": "1"
}